-- MySQL dump 10.13  Distrib 5.6.20, for Win64 (x86_64)
--
-- Host: localhost    Database: ventas
-- ------------------------------------------------------
-- Server version	5.6.20

/*!40101 SET @OLD_CHARACTER_SET_CLIENT=@@CHARACTER_SET_CLIENT */;
/*!40101 SET @OLD_CHARACTER_SET_RESULTS=@@CHARACTER_SET_RESULTS */;
/*!40101 SET @OLD_COLLATION_CONNECTION=@@COLLATION_CONNECTION */;
/*!40101 SET NAMES utf8 */;
/*!40103 SET @OLD_TIME_ZONE=@@TIME_ZONE */;
/*!40103 SET TIME_ZONE='+00:00' */;
/*!40014 SET @OLD_UNIQUE_CHECKS=@@UNIQUE_CHECKS, UNIQUE_CHECKS=0 */;
/*!40014 SET @OLD_FOREIGN_KEY_CHECKS=@@FOREIGN_KEY_CHECKS, FOREIGN_KEY_CHECKS=0 */;
/*!40101 SET @OLD_SQL_MODE=@@SQL_MODE, SQL_MODE='NO_AUTO_VALUE_ON_ZERO' */;
/*!40111 SET @OLD_SQL_NOTES=@@SQL_NOTES, SQL_NOTES=0 */;

--
-- Table structure for table `categorias`
--

DROP TABLE IF EXISTS `categorias`;
/*!40101 SET @saved_cs_client     = @@character_set_client */;
/*!40101 SET character_set_client = utf8 */;
CREATE TABLE `categorias` (
  `idcategorias` int(11) NOT NULL AUTO_INCREMENT,
  `categoria` varchar(60) DEFAULT NULL,
  `estado` varchar(15) NOT NULL,
  PRIMARY KEY (`idcategorias`)
) ENGINE=InnoDB AUTO_INCREMENT=10 DEFAULT CHARSET=utf8;
/*!40101 SET character_set_client = @saved_cs_client */;

--
-- Dumping data for table `categorias`
--

LOCK TABLES `categorias` WRITE;
/*!40000 ALTER TABLE `categorias` DISABLE KEYS */;
INSERT INTO `categorias` VALUES (1,'MUEBLESs','INACTIVO'),(2,'MUEBLES','ACTIVO'),(3,'AAA','INACTIVO'),(4,'PINTURAS','ACTIVO'),(5,'TIRANTES','ACTIVO'),(6,'SERVICIOS','ACTIVO'),(7,'FERRETERIA','ACTIVO'),(8,'PRUEBA','INACTIVO'),(9,'AAA','INACTIVO');
/*!40000 ALTER TABLE `categorias` ENABLE KEYS */;
UNLOCK TABLES;

--
-- Table structure for table `compras`
--

DROP TABLE IF EXISTS `compras`;
/*!40101 SET @saved_cs_client     = @@character_set_client */;
/*!40101 SET character_set_client = utf8 */;
CREATE TABLE `compras` (
  `idcompra` int(11) NOT NULL AUTO_INCREMENT,
  `idusuarios` int(11) NOT NULL,
  `total` bigint(20) DEFAULT NULL,
  `fecha` date DEFAULT NULL,
  `nro_factura` varchar(45) DEFAULT NULL,
  `tipo` varchar(45) DEFAULT NULL,
  `estado` varchar(45) DEFAULT NULL,
  `idmovimiento` int(11) NOT NULL,
  PRIMARY KEY (`idcompra`),
  KEY `fk_venta_usuarios1_idx` (`idusuarios`),
  KEY `fk_venta_movimiento_caja1_idx` (`idmovimiento`),
  CONSTRAINT `fk_venta_movimiento_caja10` FOREIGN KEY (`idmovimiento`) REFERENCES `movimiento_caja` (`idmovimiento`) ON DELETE NO ACTION ON UPDATE NO ACTION,
  CONSTRAINT `fk_venta_usuarios10` FOREIGN KEY (`idusuarios`) REFERENCES `usuarios` (`idusuarios`) ON DELETE NO ACTION ON UPDATE NO ACTION
) ENGINE=InnoDB AUTO_INCREMENT=55 DEFAULT CHARSET=utf8;
/*!40101 SET character_set_client = @saved_cs_client */;

--
-- Dumping data for table `compras`
--

LOCK TABLES `compras` WRITE;
/*!40000 ALTER TABLE `compras` DISABLE KEYS */;
INSERT INTO `compras` VALUES (31,24,130000,'2022-01-10',NULL,'CREDITO','FINALIZADO',73),(32,26,120000,'2022-01-12',NULL,'CONTADO','FINALIZADO',74),(33,26,900000,'2022-01-12',NULL,'CONTADO','FINALIZADO',74),(34,26,270000,'2022-01-12',NULL,'CONTADO','FINALIZADO',74),(35,26,725000,'2022-01-12',NULL,'CONTADO','FINALIZADO',74),(36,24,1030000,'2022-01-13',NULL,'CONTADO','FINALIZADO',73),(37,24,390000,'2022-01-13',NULL,'CONTADO','FINALIZADO',73),(38,24,20000,'2022-01-16',NULL,'CONTADO','FINALIZADO',79),(39,24,30,'2022-01-19',NULL,'CONTADO','FINALIZADO',80),(40,24,330000,'2022-01-23',NULL,'CONTADO','FINALIZADO',80),(41,24,20000,'2022-01-23',NULL,'CONTADO','FINALIZADO',80),(42,24,175000,'2022-01-24',NULL,'CONTADO','FINALIZADO',80),(43,24,3000,'2022-01-24',NULL,'CONTADO','FINALIZADO',80),(44,24,1810000,'2022-01-31',NULL,'CONTADO','FINALIZADO',80),(45,24,64000,'2022-01-31',NULL,'CONTADO','FINALIZADO',80),(46,24,20000,'2022-03-25',NULL,'CONTADO','FINALIZADO',87),(47,24,30000,'2022-04-20',NULL,'CONTADO','FINALIZADO',92),(48,24,80000,'2022-04-20',NULL,'CONTADO','FINALIZADO',92),(49,24,200000,'2022-04-20',NULL,'CONTADO','FINALIZADO',92),(50,24,1000000,'2022-04-20',NULL,'CONTADO','FINALIZADO',92),(51,24,200000,'2022-07-18',NULL,'CONTADO','FINALIZADO',97),(52,24,200000,'2022-07-18',NULL,'CONTADO','FINALIZADO',97),(53,24,1000000,'2022-07-18',NULL,'CONTADO','FINALIZADO',97),(54,24,260000,'2022-07-18','0000024','CONTADO','FINALIZADO',97);
/*!40000 ALTER TABLE `compras` ENABLE KEYS */;
UNLOCK TABLES;

--
-- Table structure for table `detalle_compra`
--

DROP TABLE IF EXISTS `detalle_compra`;
/*!40101 SET @saved_cs_client     = @@character_set_client */;
/*!40101 SET character_set_client = utf8 */;
CREATE TABLE `detalle_compra` (
  `iddetalle` int(11) NOT NULL AUTO_INCREMENT,
  `idservicios` int(11) NOT NULL,
  `cantidad` int(11) NOT NULL,
  `precio` bigint(20) NOT NULL,
  `sub_total` bigint(20) NOT NULL,
  `pulgadas` bigint(20) DEFAULT NULL,
  `idcompra` int(11) NOT NULL,
  PRIMARY KEY (`iddetalle`),
  KEY `fk_detalle_venta_servicios1_idx` (`idservicios`),
  KEY `fk_detalle_compra_compras1_idx` (`idcompra`),
  CONSTRAINT `fk_detalle_compra_compras1` FOREIGN KEY (`idcompra`) REFERENCES `compras` (`idcompra`) ON DELETE NO ACTION ON UPDATE NO ACTION,
  CONSTRAINT `fk_detalle_venta_servicios0` FOREIGN KEY (`idservicios`) REFERENCES `productos` (`idservicios`) ON DELETE NO ACTION ON UPDATE NO ACTION
) ENGINE=InnoDB AUTO_INCREMENT=107 DEFAULT CHARSET=utf8;
/*!40101 SET character_set_client = @saved_cs_client */;

--
-- Dumping data for table `detalle_compra`
--

LOCK TABLES `detalle_compra` WRITE;
/*!40000 ALTER TABLE `detalle_compra` DISABLE KEYS */;
INSERT INTO `detalle_compra` VALUES (72,15,1,30000,30000,0,31),(73,11,1,100000,100000,0,31),(74,15,1,30000,30000,0,32),(75,9,1,90000,90000,0,32),(76,9,10,90000,900000,0,33),(77,13,9,30000,270000,0,34),(78,12,5,25000,125000,0,35),(79,11,6,100000,600000,0,35),(80,15,1,30000,30000,0,36),(81,11,10,100000,1000000,0,36),(82,15,13,30000,390000,0,37),(83,14,1,20000,20000,0,38),(84,21,10,3,30,0,39),(85,15,1,30000,30000,0,40),(86,15,10,30000,300000,0,40),(87,14,1,20000,20000,0,41),(88,18,10,3000,25000,0,42),(89,14,10,20000,150000,0,42),(90,18,1,3000,3000,0,43),(91,18,20,3000,60000,0,44),(92,14,10,20000,200000,0,44),(93,13,10,30000,300000,0,44),(94,12,10,25000,250000,0,44),(95,11,10,100000,1000000,0,44),(96,21,8,8000,64000,0,45),(97,14,1,20000,20000,0,46),(98,18,10,3000,30000,0,47),(99,21,10,8000,80000,0,48),(100,14,10,20000,200000,0,49),(101,11,10,100000,1000000,0,50),(102,14,10,20000,200000,0,51),(103,14,10,20000,200000,0,52),(104,11,10,100000,1000000,0,53),(105,11,1,100000,100000,0,54),(106,21,20,8000,160000,0,54);
/*!40000 ALTER TABLE `detalle_compra` ENABLE KEYS */;
UNLOCK TABLES;

--
-- Table structure for table `detalle_venta`
--

DROP TABLE IF EXISTS `detalle_venta`;
/*!40101 SET @saved_cs_client     = @@character_set_client */;
/*!40101 SET character_set_client = utf8 */;
CREATE TABLE `detalle_venta` (
  `iddetalle` int(11) NOT NULL AUTO_INCREMENT,
  `idventa` int(11) NOT NULL,
  `idservicios` int(11) NOT NULL,
  `cantidad` int(11) NOT NULL,
  `precio` bigint(20) NOT NULL,
  `sub_total` bigint(20) NOT NULL,
  `pulgadas` bigint(20) DEFAULT NULL,
  PRIMARY KEY (`iddetalle`),
  KEY `fk_detalle_venta_venta1_idx` (`idventa`),
  KEY `fk_detalle_venta_servicios1_idx` (`idservicios`),
  CONSTRAINT `fk_detalle_venta_servicios` FOREIGN KEY (`idservicios`) REFERENCES `productos` (`idservicios`) ON DELETE NO ACTION ON UPDATE NO ACTION,
  CONSTRAINT `idventa` FOREIGN KEY (`idventa`) REFERENCES `venta` (`idventa`) ON DELETE NO ACTION ON UPDATE NO ACTION
) ENGINE=InnoDB AUTO_INCREMENT=293 DEFAULT CHARSET=utf8;
/*!40101 SET character_set_client = @saved_cs_client */;

--
-- Dumping data for table `detalle_venta`
--

LOCK TABLES `detalle_venta` WRITE;
/*!40000 ALTER TABLE `detalle_venta` DISABLE KEYS */;
INSERT INTO `detalle_venta` VALUES (1,2,9,1,150000,150000,NULL),(2,2,9,1,150000,150000,NULL),(3,3,9,1,150000,150000,NULL),(4,3,12,1,35000,35000,NULL),(5,3,11,1,150000,150000,NULL),(6,3,9,1,150000,150000,NULL),(7,3,13,2,50000,100000,NULL),(8,5,11,1,150000,150000,NULL),(9,5,9,1,150000,150000,NULL),(10,5,13,2,50000,100000,NULL),(11,6,12,1,35000,35000,NULL),(12,7,9,1,150000,150000,NULL),(13,7,13,1,50000,50000,NULL),(14,7,11,1,150000,150000,NULL),(15,8,9,1,150000,150000,NULL),(16,8,13,1,50000,50000,NULL),(17,8,11,1,150000,150000,NULL),(18,9,11,1,150000,150000,NULL),(19,9,9,2,150000,300000,NULL),(20,10,11,1,150000,150000,NULL),(21,10,13,10,50000,500000,NULL),(22,12,14,10,30000,300000,NULL),(23,12,14,10,30000,300000,NULL),(24,14,14,10,30000,300000,NULL),(25,14,9,1,150000,150000,NULL),(26,14,14,100,30000,3000000,NULL),(27,16,9,1,150000,150000,NULL),(28,16,14,100,30000,3000000,NULL),(29,17,9,1,150000,150000,NULL),(30,18,9,1,150000,150000,NULL),(31,19,9,1,150000,150000,NULL),(32,20,11,12,150000,1800000,NULL),(33,21,11,1,150000,150000,NULL),(34,21,14,1,30000,30000,NULL),(35,22,12,1,35000,35000,NULL),(36,23,14,1,30000,30000,NULL),(37,23,13,1,50000,50000,NULL),(38,23,9,12,150000,1800000,NULL),(39,24,11,1,150000,150000,NULL),(40,24,12,1,35000,35000,NULL),(41,24,9,1,150000,150000,NULL),(42,25,13,1,50000,50000,NULL),(43,25,12,4,35000,140000,NULL),(44,26,11,1,150000,150000,NULL),(45,26,15,1,30000,30000,NULL),(46,26,13,1,50000,50000,NULL),(47,26,14,1,30000,30000,NULL),(48,27,14,1,30000,30000,NULL),(49,27,9,11,150000,1650000,NULL),(50,28,14,1,30000,30000,NULL),(51,28,12,2,35000,70000,NULL),(52,28,13,1,50000,50000,NULL),(53,28,12,1,35000,35000,NULL),(54,28,11,1,150000,150000,NULL),(55,28,9,1,150000,150000,NULL),(56,28,13,1,50000,50000,NULL),(57,28,13,1,50000,50000,NULL),(58,28,11,1,150000,150000,NULL),(59,28,9,1,150000,150000,NULL),(60,28,13,1,50000,50000,NULL),(61,28,14,3,30000,90000,NULL),(62,30,13,1,50000,50000,NULL),(63,30,12,1,35000,35000,NULL),(64,30,11,1,150000,150000,NULL),(65,30,9,1,150000,150000,NULL),(66,30,13,1,50000,50000,NULL),(67,30,13,1,50000,50000,NULL),(68,30,11,1,150000,150000,NULL),(69,30,9,1,150000,150000,NULL),(70,30,13,1,50000,50000,NULL),(71,30,14,3,30000,90000,NULL),(72,30,15,1,30000,30000,NULL),(73,30,9,1,150000,150000,NULL),(74,32,15,1,30000,30000,NULL),(75,32,9,1,150000,150000,NULL),(76,33,15,1,30000,30000,NULL),(77,33,15,1,30000,30000,NULL),(78,33,13,2,50000,100000,NULL),(79,35,15,1,30000,30000,NULL),(80,35,13,2,50000,100000,NULL),(81,37,14,1,30000,30000,0),(82,39,13,1,50000,50000,0),(83,42,15,1,30000,30000,1),(84,43,15,1,30000,30000,1),(85,44,12,1,35000,35000,0),(86,44,14,1,30000,30000,10),(87,45,13,1,50000,50000,0),(88,47,21,1,1,1,0),(89,47,21,5,1,5,0),(90,48,11,1,150000,150000,0),(91,48,12,3,35000,105000,0),(92,50,14,1,30000,30000,0),(93,50,12,1,35000,35000,0),(94,50,15,1,30000,30000,0),(95,51,15,1,30000,30000,0),(96,51,14,9,30000,270000,0),(97,51,11,9,150000,1350000,0),(98,52,18,1,5000,5000,0),(99,53,18,2,5000,10000,0),(100,54,15,1,30000,30000,0),(101,55,14,1,30000,30000,100),(102,55,14,1,30000,30000,0),(103,57,14,1,30000,30000,0),(104,58,18,1,5000,5000,0),(105,59,21,1,1,1,0),(106,60,21,1,1,1,0),(107,60,11,4,150000,600000,0),(108,61,11,1,150000,150000,0),(109,61,12,1,35000,35000,0),(110,61,13,1,50000,50000,0),(111,61,14,1,30000,30000,0),(112,61,15,1,30000,30000,0),(113,61,15,1,30000,30000,0),(114,62,15,1,30000,30000,0),(115,62,11,1,150000,150000,0),(116,63,18,1,5000,5000,0),(117,63,12,2,35000,70000,0),(118,64,18,1,5000,5000,0),(119,64,15,1,30000,30000,0),(120,65,18,2,5000,10000,0),(121,65,15,1,30000,30000,0),(122,65,11,1,150000,150000,0),(123,65,12,1,35000,35000,0),(124,65,14,1,30000,30000,150),(125,66,18,3,5000,15000,0),(126,66,15,1,30000,30000,0),(127,66,14,1,30000,30000,150),(128,66,13,1,50000,50000,0),(129,66,12,1,35000,35000,0),(130,66,11,3,150000,450000,0),(131,66,18,2,5000,10000,0),(132,67,14,1,30000,25000,0),(133,67,13,1,50000,50000,0),(134,67,14,1,30000,20000,100),(135,68,14,1,30000,30000,0),(136,68,15,1,30000,30000,0),(137,69,15,1,30000,30000,0),(138,70,15,2,30000,40000,0),(139,71,15,2,30000,40000,0),(140,72,15,1,30000,30000,0),(141,73,15,1,30000,30000,0),(142,74,15,1,30000,30000,0),(143,75,15,1,30000,30000,0),(144,76,15,1,30000,30000,0),(145,77,15,3,30000,75000,0),(146,78,13,1,50000,50000,0),(147,78,15,1,30000,30000,0),(148,79,15,1,30000,30000,0),(149,79,14,1,30000,30000,0),(150,80,14,1,30000,30000,0),(151,80,13,1,50000,50000,0),(152,80,15,1,30000,30000,0),(153,81,15,1,30000,30000,0),(154,81,14,1,30000,30000,0),(155,82,13,1,50000,50000,0),(156,83,15,1,30000,30000,0),(157,84,15,1,30000,30000,0),(158,85,15,1,30000,30000,0),(159,86,15,1,30000,30000,0),(160,87,15,1,30000,30000,0),(161,88,21,2,10000,20000,0),(162,89,18,3,5000,10000,0),(163,90,15,1,30000,30000,0),(164,90,18,1,5000,5000,0),(165,91,18,1,5000,5000,0),(166,92,15,1,30000,30000,0),(167,93,21,1,10000,10000,0),(168,94,21,1,10000,10000,0),(169,95,21,1,10000,10000,0),(170,96,15,1,30000,30000,0),(171,97,18,1,5000,5000,0),(172,98,18,1,5000,5000,0),(173,99,18,1,5000,5000,0),(174,100,18,1,5000,5000,0),(175,101,15,1,30000,30000,0),(176,102,15,1,30000,30000,0),(177,103,15,1,30000,30000,0),(178,104,15,1,30000,30000,0),(179,105,15,1,30000,30000,0),(180,106,18,1,5000,5000,0),(181,107,18,1,5000,5000,0),(182,108,15,1,30000,30000,0),(183,109,15,1,30000,30000,0),(184,110,15,1,30000,30000,0),(185,111,15,1,30000,30000,0),(186,112,15,1,30000,30000,0),(187,113,15,1,30000,30000,0),(188,114,15,1,30000,30000,0),(189,115,15,1,30000,30000,0),(190,116,15,1,30000,30000,0),(191,117,15,1,30000,30000,0),(192,118,15,1,30000,30000,0),(193,119,15,1,30000,30000,0),(194,120,15,1,30000,30000,0),(195,121,15,1,30000,30000,0),(196,121,21,1,10000,10000,0),(197,121,14,1,30000,30000,0),(198,121,14,1,30000,30000,0),(199,121,13,1,50000,50000,0),(200,121,11,1,150000,150000,0),(201,122,15,1,30000,30000,0),(202,122,14,1,30000,30000,0),(203,122,13,1,50000,50000,0),(204,122,11,1,150000,150000,0),(205,123,21,1,10000,10000,0),(206,123,18,1,5000,5000,0),(207,124,21,1,10000,10000,0),(208,124,18,1,5000,5000,0),(209,125,14,1,30000,30000,0),(210,126,15,1,30000,30000,0),(211,127,15,1,30000,30000,0),(212,128,14,1,30000,30000,0),(213,128,21,1,10000,10000,0),(214,128,18,1,5000,5000,0),(215,128,14,1,30000,30000,0),(216,129,18,1,5000,5000,0),(217,129,18,1,5000,5000,0),(218,129,15,1,30000,30000,0),(219,130,18,1,5000,5000,0),(220,131,15,1,30000,30000,0),(221,132,18,1,5000,5000,0),(222,133,15,1,30000,30000,0),(223,134,15,1,30000,30000,0),(224,135,15,1,30000,30000,0),(225,135,11,1,150000,150000,0),(226,136,15,1,30000,30000,0),(227,137,14,1,30000,30000,0),(228,138,14,1,30000,30000,0),(229,139,14,1,30000,30000,0),(230,140,15,1,30000,30000,0),(231,141,14,1,30000,30000,0),(232,142,14,1,30000,30000,0),(233,143,14,1,30000,30000,0),(234,144,12,1,35000,35000,0),(235,145,15,1,30000,30000,0),(236,146,15,3,30000,90000,0),(237,147,11,5,150000,750000,0),(238,148,13,2,50000,100000,0),(239,149,13,1,50000,50000,0),(240,150,15,1,30000,30000,0),(241,151,13,1,50000,50000,0),(242,152,12,2,35000,70000,0),(243,153,15,1,30000,30000,0),(244,154,13,1,50000,50000,0),(245,155,18,1,5000,5000,0),(246,156,18,1,5000,5000,0),(247,157,21,1,10000,10000,0),(248,158,15,1,30000,30000,0),(249,158,15,1,30000,30000,0),(250,159,12,1,35000,35000,0),(251,159,15,1,30000,30000,0),(252,160,15,1,30000,30000,0),(253,161,15,1,30000,30000,0),(254,162,15,1,30000,30000,0),(255,163,21,2,10000,20000,0),(256,163,21,2,20000,20000,0),(257,163,14,3,95000,95000,0),(258,164,15,1,30000,30000,0),(259,165,14,1,30000,30000,0),(260,166,11,1,150000,150000,0),(261,167,18,1,5000,5000,0),(262,168,12,1,35000,35000,0),(263,169,14,1,30000,30000,0),(264,170,15,1,30000,30000,0),(265,171,14,1,30000,30000,0),(266,172,14,1,30000,30000,0),(267,173,14,1,30000,30000,0),(268,174,15,2,30000,60000,0),(269,175,15,3,90000,90000,0),(270,176,14,3,30000,90000,0),(271,177,15,1,30000,30000,0),(272,178,15,1,30000,30000,0),(273,179,15,1,30000,30000,0),(274,180,15,1,30000,30000,0),(275,181,15,1,30000,30000,0),(276,181,18,2,10000,10000,0),(277,181,11,1,150000,150000,0),(278,182,15,1,30000,30000,0),(279,182,18,2,10000,10000,0),(280,182,11,1,150000,150000,0),(281,183,13,1,50000,50000,0),(282,184,21,1,10000,10000,0),(283,184,12,1,35000,35000,0),(284,185,15,1,30000,30000,0),(285,186,15,1,30000,30000,0),(286,187,15,1,30000,30000,0),(287,188,15,1,30000,30000,0),(288,189,15,1,30000,30000,0),(289,189,12,1,35000,35000,0),(290,190,14,1,30000,30000,0),(291,190,14,1,30000,30000,0),(292,190,11,1,150000,150000,0);
/*!40000 ALTER TABLE `detalle_venta` ENABLE KEYS */;
UNLOCK TABLES;

--
-- Table structure for table `deudas`
--

DROP TABLE IF EXISTS `deudas`;
/*!40101 SET @saved_cs_client     = @@character_set_client */;
/*!40101 SET character_set_client = utf8 */;
CREATE TABLE `deudas` (
  `iddeuda` int(11) NOT NULL AUTO_INCREMENT,
  `idcliente` int(11) NOT NULL,
  `total_deuda` bigint(20) DEFAULT NULL,
  `estado` varchar(45) DEFAULT NULL,
  `pagado` bigint(20) DEFAULT '0',
  PRIMARY KEY (`iddeuda`),
  KEY `fk_deudas_venta1_idx` (`iddeuda`)
) ENGINE=InnoDB AUTO_INCREMENT=12 DEFAULT CHARSET=utf8;
/*!40101 SET character_set_client = @saved_cs_client */;

--
-- Dumping data for table `deudas`
--

LOCK TABLES `deudas` WRITE;
/*!40000 ALTER TABLE `deudas` DISABLE KEYS */;
INSERT INTO `deudas` VALUES (9,25,0,'SIN DEUDA',0),(10,28,0,'SIN DEUDA',0),(11,28,0,'SIN DEUDA',0);
/*!40000 ALTER TABLE `deudas` ENABLE KEYS */;
UNLOCK TABLES;

--
-- Table structure for table `egresos`
--

DROP TABLE IF EXISTS `egresos`;
/*!40101 SET @saved_cs_client     = @@character_set_client */;
/*!40101 SET character_set_client = utf8 */;
CREATE TABLE `egresos` (
  `idegresos` int(11) NOT NULL AUTO_INCREMENT,
  `descripcion` varchar(45) NOT NULL,
  `monto` bigint(10) NOT NULL,
  `fecha` date NOT NULL,
  `hora` varchar(45) DEFAULT NULL,
  `estado` varchar(45) DEFAULT NULL,
  `idusuarios` int(11) NOT NULL,
  `idmovimiento` int(11) NOT NULL,
  PRIMARY KEY (`idegresos`),
  KEY `fk_egresos_usuarios1_idx` (`idusuarios`),
  KEY `fk_egresos_movimiento_caja1_idx` (`idmovimiento`),
  CONSTRAINT `fk_egresos_movimiento_caja1` FOREIGN KEY (`idmovimiento`) REFERENCES `movimiento_caja` (`idmovimiento`) ON DELETE NO ACTION ON UPDATE NO ACTION,
  CONSTRAINT `fk_egresos_usuarios1` FOREIGN KEY (`idusuarios`) REFERENCES `usuarios` (`idusuarios`) ON DELETE NO ACTION ON UPDATE NO ACTION
) ENGINE=InnoDB AUTO_INCREMENT=30 DEFAULT CHARSET=utf8;
/*!40101 SET character_set_client = @saved_cs_client */;

--
-- Dumping data for table `egresos`
--

LOCK TABLES `egresos` WRITE;
/*!40000 ALTER TABLE `egresos` DISABLE KEYS */;
INSERT INTO `egresos` VALUES (1,'COMBUSTIBLE',200000,'2022-01-13','14:08','INACTIVO',24,0),(2,'CORREA PARA DESMALEZADORA',20000,'2022-01-13','14:37','INACTIVO',26,0),(3,'PEGAMENTO',30000,'2022-01-12','14:38','INACTIVO',24,0),(4,'PRUEBAA',222,'2022-01-14','14:42','INACTIVO',24,79),(5,'GOMERIA',25000,'2022-01-14','10:42','activo',24,76),(6,'PEGAMENTO',50000,'2022-01-12','10:50','activo',24,76),(7,'NAFTAA',50000,'2022-01-12','10:50','ACTIVO',24,76),(8,'PRUEBAA',20000,'2022-01-14','15:08','ACTIVO',24,78),(9,'COMPRA DE INSUMO MOTOCARRO',100000,'2022-01-14','16:49','ACTIVO',24,78),(10,'PRUEBA',50000,'2022-01-12','17:11','ACTIVO',24,79),(12,'EGRESO',2000,'2022-01-13','14:08','ACTIVO',24,79),(13,'AA',3322,'2022-01-14','22:10','ACTIVO',24,79),(14,'DE3',33,'2022-01-12','22:10','ACTIVO',24,76),(15,'11',222,'2022-01-12','22:12','EGRESO',24,76),(16,'ASDF',22,'2022-01-18','09:38','EGRESO',24,80),(17,'AA',3333,'2022-01-19','16:45','EGRESO',24,80),(18,'NAFTA MOTOCARRO',20000,'2022-01-19','16:24','EGRESO',26,77),(19,'PRUEBA',40000,'2022-02-02','00:53','EGRESO',24,82),(20,'A',3000,'2022-02-02','00:59','INGRESO',24,83),(21,'PRUEBA',50000,'2022-03-25','16:32','INGRESO',24,87),(22,'NAFTA',40000,'2022-03-28','10:26','EGRESO',24,88),(23,'NAFTA MOTOCARRO',30000,'2022-03-29','08:12','INGRESO',24,90),(24,'NAFTA',50000,'2022-04-20','11:56','INGRESO',24,92),(25,'PRUEBA',10000,'2022-04-26','15:38','INGRESO',24,93),(26,'A',10000,'2022-04-26','15:39','INGRESO',24,93),(27,'PRUEBA',10000,'2022-04-20','09:23','INGRESO',24,95),(28,'EGRESO',20000,'2022-05-05','09:37','EGRESO',24,95),(29,'PRUEBA',100000,'2022-05-06','14:27','EGRESO',24,97);
/*!40000 ALTER TABLE `egresos` ENABLE KEYS */;
UNLOCK TABLES;

--
-- Table structure for table `factura`
--

DROP TABLE IF EXISTS `factura`;
/*!40101 SET @saved_cs_client     = @@character_set_client */;
/*!40101 SET character_set_client = utf8 */;
CREATE TABLE `factura` (
  `nrofactura` int(11) NOT NULL,
  `monto` bigint(20) DEFAULT NULL,
  `efectivo` bigint(20) DEFAULT NULL,
  `vuelto` bigint(20) DEFAULT NULL,
  `idventa` int(11) NOT NULL,
  PRIMARY KEY (`nrofactura`),
  KEY `fk_factura_venta1_idx` (`idventa`),
  CONSTRAINT `fk_factura_venta1` FOREIGN KEY (`idventa`) REFERENCES `venta` (`idventa`) ON DELETE NO ACTION ON UPDATE NO ACTION
) ENGINE=InnoDB DEFAULT CHARSET=utf8;
/*!40101 SET character_set_client = @saved_cs_client */;

--
-- Dumping data for table `factura`
--

LOCK TABLES `factura` WRITE;
/*!40000 ALTER TABLE `factura` DISABLE KEYS */;
INSERT INTO `factura` VALUES (1,300000,300000,0,2),(2,185000,200000,15000,3),(3,400000,40000,-360000,5),(4,35000,40000,5000,6),(5,350000,350000,0,7),(6,350000,400000,50000,8),(7,450000,500000,50000,9),(8,150000,100000,-50000,10),(9,300000,300000,0,12),(10,300000,300000,0,14),(11,3150000,4000000,850000,16),(14,150000,152000,2000,19),(15,1800000,2000000,200000,20),(16,180000,200000,20000,21),(17,35000,40000,5000,22),(18,1880000,2000000,120000,23),(19,335000,350000,15000,24),(20,190000,200000,10000,25),(21,260000,300000,40000,26),(22,1680000,1700000,20000,27),(23,100000,100000,0,28),(24,925000,950000,25000,30),(25,180000,200000,20000,32),(26,30000,30000,0,33),(27,130000,150000,20000,35),(28,30000,30000,0,36),(29,30000,30000,0,37),(31,50000,50000,0,39),(32,30000,30000,0,40),(33,150000,150000,0,41),(34,30000,30000,0,43),(36,65000,65000,0,44),(37,50000,50000,0,45),(38,50000,50000,0,46),(39,255000,255000,0,48),(41,60000,60000,0,49),(42,95000,95000,0,50),(43,1650000,2000000,350000,51),(44,5000,5000,0,52),(45,10000,10000,0,53),(46,30000,30000,0,54),(47,30000,1000,-29000,55),(48,30000,30000,0,57),(49,5000,5000,0,58),(50,1,1,0,59),(51,600001,600001,0,60),(52,325000,350000,25000,61),(53,180000,180000,0,62),(54,75000,75000,0,63),(55,35000,35000,0,64),(56,255000,255000,0,65),(57,620000,620000,0,66),(59,30000,30000,0,68),(60,30000,30000,0,69),(61,40000,40000,0,70),(62,40000,40000,0,71),(63,30000,30000,0,72),(64,30000,30000,0,73),(65,30000,30000,0,74),(66,30000,30000,0,75),(67,30000,30000,0,76),(68,75000,75000,0,77),(69,80000,80000,0,78),(70,60000,60000,0,79),(71,110000,110000,0,80),(72,60000,60000,0,81),(73,50000,5000,-45000,82),(74,30000,30000,0,83),(75,30000,30000,0,84),(77,30000,3000,-27000,86),(78,30000,300000,270000,87),(79,20000,20000,0,88),(80,10000,10000,0,89),(81,35000,35000,0,90),(82,5000,5000,0,91),(104,30000,3,-29997,113),(105,30000,3,-29997,114),(106,30000,3,-29997,115),(109,30000,30000,0,118),(110,30000,40000,10000,119),(111,30000,44444,14444,120),(112,300000,300000,0,121),(113,260000,300000,40000,122),(114,15000,15000,0,122),(115,15000,15000,0,124),(116,30000,30000,0,125),(117,30000,33333,3333,126),(118,30000,30000,0,127),(119,75000,75000,0,128),(120,40000,44444,4444,129),(121,5000,5000,0,130),(122,30000,33333,3333,131),(123,5000,5000,0,132),(124,30000,40000,10000,133),(125,30000,30000,0,134),(126,180000,200000,20000,135),(127,30000,30000,0,136),(128,30000,33333,3333,138),(130,30000,44444,14444,139),(131,30000,30000,0,140),(132,30000,40000,10000,141),(133,30000,30000,0,142),(134,30000,50000,20000,143),(135,35000,50000,15000,144),(136,30000,50000,20000,145),(137,90000,100000,10000,146),(138,750000,800000,50000,147),(139,100000,100000,0,148),(140,50000,50000,0,149),(141,30000,30000,0,150),(142,50000,50000,0,151),(143,70000,100000,30000,152),(146,5000,1,-4999,156),(150,30000,30000,0,158),(152,30000,50000,20000,161),(153,30000,50000,20000,162),(154,135000,150000,15000,163),(155,30000,30000,0,164),(156,30000,30000,0,165),(157,150000,0,-150000,166),(158,5000,5000,0,167),(159,35000,35000,0,168),(160,30000,30000,0,169),(161,30000,30000,0,170),(162,30000,30000,0,171),(163,30000,30000,0,172),(164,30000,30000,0,173),(165,60000,60000,0,174),(166,90000,100000,10000,175),(167,90000,100000,10000,176),(168,30000,30000,0,177),(169,30000,30000,0,178),(170,30000,30000,0,179),(171,30000,30000,0,180),(172,190000,200000,10000,182),(174,50000,0,-50000,183),(175,45000,50000,5000,184),(176,30000,20000,-10000,185),(177,30000,30000,0,186),(178,30000,30000,0,188),(180,65000,70000,5000,189),(181,210000,210000,0,190);
/*!40000 ALTER TABLE `factura` ENABLE KEYS */;
UNLOCK TABLES;

--
-- Table structure for table `movimiento_caja`
--

DROP TABLE IF EXISTS `movimiento_caja`;
/*!40101 SET @saved_cs_client     = @@character_set_client */;
/*!40101 SET character_set_client = utf8 */;
CREATE TABLE `movimiento_caja` (
  `idmovimiento` int(11) NOT NULL AUTO_INCREMENT,
  `idusuarios` int(11) NOT NULL,
  `num_Caja` varchar(45) DEFAULT NULL,
  `fecha_apertura` date NOT NULL,
  `fecha_cierre` date DEFAULT NULL,
  `monto_apertura` bigint(20) NOT NULL,
  `monto_cierre` bigint(20) DEFAULT '0',
  `estado` varchar(45) NOT NULL,
  PRIMARY KEY (`idmovimiento`),
  KEY `fk_movimiento_caja_usuarios1_idx` (`idusuarios`),
  CONSTRAINT `fk_movimiento_caja_usuarios1` FOREIGN KEY (`idusuarios`) REFERENCES `usuarios` (`idusuarios`) ON DELETE NO ACTION ON UPDATE NO ACTION
) ENGINE=InnoDB AUTO_INCREMENT=98 DEFAULT CHARSET=utf8;
/*!40101 SET character_set_client = @saved_cs_client */;

--
-- Dumping data for table `movimiento_caja`
--

LOCK TABLES `movimiento_caja` WRITE;
/*!40000 ALTER TABLE `movimiento_caja` DISABLE KEYS */;
INSERT INTO `movimiento_caja` VALUES (67,24,'1','2021-12-27','2021-12-30',199999,99999,'CERRADO'),(68,24,'3','2021-12-30','2021-12-30',100000,100000,'CERRADO'),(69,24,'1','2021-12-30','2021-12-30',200000,0,'CERRADO'),(70,24,'1','2021-12-30','2021-12-30',100000,0,'CERRADO'),(71,24,'1','2021-12-30','2021-12-30',100000,550000,'CERRADO'),(72,24,'1','2022-01-02','2022-01-02',100000,250000,'CERRADO'),(73,27,'1','2022-01-02','2022-01-02',100000,0,'CERRADO'),(74,26,'1','2022-01-04','2022-01-04',100000,0,'CERRADO'),(75,24,'1','2022-01-14','2022-01-14',100000,100000,'CERRADO'),(77,26,'1','2022-01-14','2022-01-31',90000,90000,'CERRADO'),(78,24,'1','2022-01-14','2022-01-14',90000,150000,'CERRADO'),(79,24,'1','2022-01-14','2022-01-16',150000,127745,'CERRADO'),(80,24,'1','2022-01-16','2022-01-31',200000,5901653,'CERRADO'),(81,24,'1','2022-02-01','2022-02-02',200000,1655000,'CERRADO'),(82,24,'1','2022-02-02','2022-02-02',100000,130000,'CERRADO'),(83,24,'1','2022-02-02','2022-02-02',130000,132000,'CERRADO'),(84,24,'1','2022-02-02','2022-02-02',100000,130000,'CERRADO'),(85,24,'1','2022-02-02','2022-02-02',180000,360000,'CERRADO'),(86,24,'1','2022-02-02','2022-02-02',100000,130000,'CERRADO'),(87,24,'1','2022-03-25','2022-03-28',100000,0,'CERRADO'),(88,24,'1','2022-03-28','2022-03-28',100000,200000,'CERRADO'),(89,24,'1','2022-03-28','2022-03-28',100000,130000,'CERRADO'),(90,24,'1','2022-03-28','2022-04-07',100000,475000,'CERRADO'),(91,27,'1','2022-03-29','2022-03-29',100000,0,'ACTIVO'),(92,24,'1','2022-04-11','2022-04-20',100000,485000,'CERRADO'),(93,24,'1','2022-04-26','2022-05-03',1000000,1310000,'CERRADO'),(94,24,'1','2022-05-03','2022-05-03',100000,100000,'CERRADO'),(95,24,'1','2022-05-05','2022-05-05',100000,70000,'CERRADO'),(96,24,'1','2022-05-05','2022-05-05',100000,100000,'CERRADO'),(97,24,'1','2022-05-06','2022-05-06',10000,0,'ACTIVO');
/*!40000 ALTER TABLE `movimiento_caja` ENABLE KEYS */;
UNLOCK TABLES;

--
-- Table structure for table `paciente`
--

DROP TABLE IF EXISTS `paciente`;
/*!40101 SET @saved_cs_client     = @@character_set_client */;
/*!40101 SET character_set_client = utf8 */;
CREATE TABLE `paciente` (
  `idpaciente` int(11) NOT NULL,
  `fechanac` date DEFAULT NULL,
  `estado` varchar(45) NOT NULL,
  PRIMARY KEY (`idpaciente`),
  KEY `fk_paciente_persona_idx` (`idpaciente`),
  CONSTRAINT `fk_paciente_persona` FOREIGN KEY (`idpaciente`) REFERENCES `persona` (`idpersona`) ON DELETE NO ACTION ON UPDATE NO ACTION
) ENGINE=InnoDB DEFAULT CHARSET=utf8;
/*!40101 SET character_set_client = @saved_cs_client */;

--
-- Dumping data for table `paciente`
--

LOCK TABLES `paciente` WRITE;
/*!40000 ALTER TABLE `paciente` DISABLE KEYS */;
INSERT INTO `paciente` VALUES (25,NULL,'ACTIVO'),(28,NULL,'ACTIVO');
/*!40000 ALTER TABLE `paciente` ENABLE KEYS */;
UNLOCK TABLES;

--
-- Table structure for table `persona`
--

DROP TABLE IF EXISTS `persona`;
/*!40101 SET @saved_cs_client     = @@character_set_client */;
/*!40101 SET character_set_client = utf8 */;
CREATE TABLE `persona` (
  `idpersona` int(11) NOT NULL AUTO_INCREMENT,
  `nombre` varchar(45) DEFAULT NULL,
  `apellido` varchar(45) DEFAULT NULL,
  `numDocumento` varchar(45) DEFAULT NULL,
  `telefono` varchar(45) DEFAULT NULL,
  `direccion` varchar(45) DEFAULT NULL,
  `genero` varchar(45) DEFAULT NULL,
  `estado` varchar(45) DEFAULT NULL,
  PRIMARY KEY (`idpersona`)
) ENGINE=InnoDB AUTO_INCREMENT=29 DEFAULT CHARSET=utf8;
/*!40101 SET character_set_client = @saved_cs_client */;

--
-- Dumping data for table `persona`
--

LOCK TABLES `persona` WRITE;
/*!40000 ALTER TABLE `persona` DISABLE KEYS */;
INSERT INTO `persona` VALUES (24,'JOSE','AYALA','4419747','0699','CALLE','MASCULINO	','ACTIVO'),(25,'jose','ayala','4419747','0982568965','calle san roque','MASCULINO	','ACTIVO'),(26,'prueba','prueba','448548','0985554878','calle','MASCULINO	','ACTIVO'),(27,'JUAN','PEREZ','99992','999993','CALLE','MASCULINO	','ACTIVO'),(28,'pablo','girala','9999','99999','calle','MASCULINO	','ACTIVO');
/*!40000 ALTER TABLE `persona` ENABLE KEYS */;
UNLOCK TABLES;

--
-- Table structure for table `productos`
--

DROP TABLE IF EXISTS `productos`;
/*!40101 SET @saved_cs_client     = @@character_set_client */;
/*!40101 SET character_set_client = utf8 */;
CREATE TABLE `productos` (
  `idservicios` int(11) NOT NULL AUTO_INCREMENT,
  `nombre_producto` varchar(45) NOT NULL,
  `descripcion` varchar(150) DEFAULT NULL,
  `precio_unitario` bigint(20) NOT NULL,
  `precio_mayor` bigint(20) NOT NULL,
  `precio_costo` bigint(20) DEFAULT NULL,
  `stock` double NOT NULL,
  `estado` varchar(45) NOT NULL,
  `idcategorias` int(11) NOT NULL,
  `pulgadas` double DEFAULT NULL,
  `idproveedor` int(11) NOT NULL,
  PRIMARY KEY (`idservicios`),
  KEY `fk_productos_categorias1_idx` (`idcategorias`),
  KEY `fk_productos_proveedor1_idx` (`idproveedor`),
  CONSTRAINT `fk_productos_categorias1` FOREIGN KEY (`idcategorias`) REFERENCES `categorias` (`idcategorias`) ON DELETE NO ACTION ON UPDATE NO ACTION,
  CONSTRAINT `fk_productos_proveedor1` FOREIGN KEY (`idproveedor`) REFERENCES `proveedor` (`idproveedor`) ON DELETE NO ACTION ON UPDATE NO ACTION
) ENGINE=InnoDB AUTO_INCREMENT=23 DEFAULT CHARSET=utf8;
/*!40101 SET character_set_client = @saved_cs_client */;

--
-- Dumping data for table `productos`
--

LOCK TABLES `productos` WRITE;
/*!40000 ALTER TABLE `productos` DISABLE KEYS */;
INSERT INTO `productos` VALUES (9,'MESA','MESA 1X3 METROS',150000,130000,90000,15,'INACTIVO',2,0,1),(10,'SILLA','SILLA PEQUEÑA',50000,40000,30000,10,'INACTIVO',1,0,1),(11,'MESA REDONDA','MESA PARA PATIO REDONDO ',150000,130000,100000,20,'ACTIVO',2,0,1),(12,'PINTURA AL ACEITE','PINTURA AL ACEITE AMANECER DE 1 LTS',35000,30000,25000,3,'ACTIVO',4,0,1),(13,'SILLA','SILLA DE MADERA PARA JARDIN',50000,45000,30000,2,'ACTIVO',2,0,1),(14,'TIRANTE 2X5','TIRANTE',30000,28000,20000,18,'ACTIVO',5,1510,1),(15,'FLETE','FLETE DE PRODUCTOS',30000,30000,30000,30,'ACTIVO',6,8,1),(16,'ADFA','AFAS',333,333,333,3333,'INACTIVO',6,333,1),(18,'CANILLA','CANILLA DE PLASTICO',5000,4500,3000,6,'ACTIVO',7,0,1),(19,'FLETE','FLETE DE MADERA',20000,20000,20000,0,'INACTIVO',6,0,2),(20,'AF','ADF',333,33,333,0,'INACTIVO',7,0,2),(21,'CERVEZA','CERVEZA MUNICH',10000,9000,8000,25,'ACTIVO',7,0,2),(22,'A','AAA',3,2,1,0,'INACTIVO',7,0,1);
/*!40000 ALTER TABLE `productos` ENABLE KEYS */;
UNLOCK TABLES;

--
-- Table structure for table `proveedor`
--

DROP TABLE IF EXISTS `proveedor`;
/*!40101 SET @saved_cs_client     = @@character_set_client */;
/*!40101 SET character_set_client = utf8 */;
CREATE TABLE `proveedor` (
  `idproveedor` int(11) NOT NULL AUTO_INCREMENT,
  `nombre` varchar(85) DEFAULT NULL,
  `telefono` varchar(45) DEFAULT NULL,
  `direccion` varchar(85) DEFAULT NULL,
  `ruc` varchar(45) DEFAULT NULL,
  `razon` varchar(45) DEFAULT NULL,
  `estado` varchar(45) DEFAULT NULL,
  PRIMARY KEY (`idproveedor`)
) ENGINE=InnoDB AUTO_INCREMENT=3 DEFAULT CHARSET=utf8;
/*!40101 SET character_set_client = @saved_cs_client */;

--
-- Dumping data for table `proveedor`
--

LOCK TABLES `proveedor` WRITE;
/*!40000 ALTER TABLE `proveedor` DISABLE KEYS */;
INSERT INTO `proveedor` VALUES (1,'NISSEI','343434','CDE','99999999','ELECTRONICOS','ACTIVO'),(2,'VISAO VIP','0988777','CDE','99809809','CASA ELECTRONICOS','ACTIVO');
/*!40000 ALTER TABLE `proveedor` ENABLE KEYS */;
UNLOCK TABLES;

--
-- Table structure for table `usuarios`
--

DROP TABLE IF EXISTS `usuarios`;
/*!40101 SET @saved_cs_client     = @@character_set_client */;
/*!40101 SET character_set_client = utf8 */;
CREATE TABLE `usuarios` (
  `idusuarios` int(11) NOT NULL,
  `acceso` varchar(45) DEFAULT NULL,
  `login` varchar(15) DEFAULT NULL,
  `password` varchar(15) DEFAULT NULL,
  `estado` varchar(45) DEFAULT NULL,
  PRIMARY KEY (`idusuarios`),
  CONSTRAINT `fk_usuarios_persona1` FOREIGN KEY (`idusuarios`) REFERENCES `persona` (`idpersona`) ON DELETE NO ACTION ON UPDATE NO ACTION
) ENGINE=InnoDB DEFAULT CHARSET=utf8;
/*!40101 SET character_set_client = @saved_cs_client */;

--
-- Dumping data for table `usuarios`
--

LOCK TABLES `usuarios` WRITE;
/*!40000 ALTER TABLE `usuarios` DISABLE KEYS */;
INSERT INTO `usuarios` VALUES (24,'ADMINISTRADOR','admin','admin','ACTIVO'),(26,'RECEPCIONISTA','prueba','prueba','ACTIVO'),(27,'ADMINISTRADOR','ADMIN','12345','ACTIVO');
/*!40000 ALTER TABLE `usuarios` ENABLE KEYS */;
UNLOCK TABLES;

--
-- Table structure for table `venta`
--

DROP TABLE IF EXISTS `venta`;
/*!40101 SET @saved_cs_client     = @@character_set_client */;
/*!40101 SET character_set_client = utf8 */;
CREATE TABLE `venta` (
  `idventa` int(11) NOT NULL AUTO_INCREMENT,
  `idusuarios` int(11) NOT NULL,
  `idpaciente` int(11) NOT NULL,
  `total` bigint(20) DEFAULT NULL,
  `fecha` date DEFAULT NULL,
  `nro_factura` varchar(45) DEFAULT NULL,
  `tipo` varchar(45) DEFAULT NULL,
  `estado` varchar(45) DEFAULT NULL,
  `idmovimiento` int(11) NOT NULL,
  `descuento` bigint(20) DEFAULT NULL,
  `saldo` bigint(20) DEFAULT NULL,
  PRIMARY KEY (`idventa`),
  KEY `fk_venta_usuarios1_idx` (`idusuarios`),
  KEY `fk_venta_paciente1_idx` (`idpaciente`),
  KEY `fk_venta_movimiento_caja1_idx` (`idmovimiento`),
  CONSTRAINT `fk_venta_movimiento_caja1` FOREIGN KEY (`idmovimiento`) REFERENCES `movimiento_caja` (`idmovimiento`) ON DELETE NO ACTION ON UPDATE NO ACTION,
  CONSTRAINT `fk_venta_paciente1` FOREIGN KEY (`idpaciente`) REFERENCES `paciente` (`idpaciente`) ON DELETE NO ACTION ON UPDATE NO ACTION,
  CONSTRAINT `fk_venta_usuarios1` FOREIGN KEY (`idusuarios`) REFERENCES `usuarios` (`idusuarios`) ON DELETE NO ACTION ON UPDATE NO ACTION
) ENGINE=InnoDB AUTO_INCREMENT=191 DEFAULT CHARSET=utf8;
/*!40101 SET character_set_client = @saved_cs_client */;

--
-- Dumping data for table `venta`
--

LOCK TABLES `venta` WRITE;
/*!40000 ALTER TABLE `venta` DISABLE KEYS */;
INSERT INTO `venta` VALUES (2,24,25,300000,'2021-12-30','0000001','CONTADO','FINALIZADO',90,NULL,NULL),(3,24,25,185000,'2021-12-30','0000002','CONTADO','FINALIZADO',67,NULL,NULL),(5,24,25,400000,'2021-12-30','0000003','CONTADO','FINALIZADO',67,NULL,NULL),(6,24,25,35000,'2021-12-30','0000004','CONTADO','FINALIZADO',67,NULL,NULL),(7,24,25,350000,'2021-12-30','0000005','CONTADO','FINALIZADO',69,NULL,NULL),(8,24,25,350000,'2021-12-30','0000006','CONTADO','FINALIZADO',70,NULL,NULL),(9,24,25,450000,'2021-12-30','0000007','CONTADO','FINALIZADO',71,NULL,NULL),(10,24,25,150000,'2022-01-02','0000008','CONTADO','FINALIZADO',72,NULL,NULL),(12,24,25,300000,'2022-01-02','0000009','CONTADO','FINALIZADO',73,NULL,NULL),(14,24,25,300000,'2022-01-02','0000010','CONTADO','FINALIZADO',73,NULL,NULL),(16,24,25,3150000,'2022-01-02','0000011','CONTADO','FINALIZADO',73,NULL,NULL),(17,24,25,150000,'2022-01-02','0000012','CONTADO','FINALIZADO',73,NULL,NULL),(18,24,25,150000,'2022-01-02','0000013','CONTADO','FINALIZADO',73,NULL,NULL),(19,24,25,150000,'2022-01-02','0000014','CONTADO','FINALIZADO',73,NULL,NULL),(20,24,25,1800000,'2022-01-02','0000015','CONTADO','FINALIZADO',73,NULL,NULL),(21,24,25,180000,'2022-01-02','0000016','CONTADO','FINALIZADO',73,NULL,NULL),(22,24,25,35000,'2022-01-03','0000017','CONTADO','FINALIZADO',73,NULL,NULL),(23,24,25,1880000,'2022-01-03','0000018','CONTADO','FINALIZADO',73,NULL,NULL),(24,24,25,335000,'2022-01-03','0000019','CONTADO','FINALIZADO',73,NULL,NULL),(25,24,25,190000,'2022-01-03','0000020','CONTADO','FINALIZADO',73,NULL,NULL),(26,24,25,260000,'2022-01-03','0000021','CONTADO','FINALIZADO',73,NULL,NULL),(27,24,25,1680000,'2022-01-03','0000022','CONTADO','FINALIZADO',73,NULL,NULL),(28,26,25,100000,'2022-01-04','0000023','CONTADO','FINALIZADO',74,NULL,NULL),(30,26,25,925000,'2022-01-04','0000024','CONTADO','FINALIZADO',74,NULL,NULL),(32,24,25,180000,'2022-01-14','0000025','CONTADO','FINALIZADO',78,NULL,NULL),(33,24,25,30000,'2022-01-14','0000026','CONTADO','FINALIZADO',79,NULL,NULL),(35,24,28,130000,'2022-01-17','0000027','CREDITO','FINALIZADO',80,NULL,NULL),(36,24,25,30000,'2022-01-17','0000028','CONTADO',NULL,80,NULL,NULL),(37,24,25,30000,'2022-01-17','0000029','CONTADO',NULL,80,NULL,NULL),(38,24,25,0,'2022-01-17','0000030','CONTADO',NULL,80,NULL,NULL),(39,24,25,50000,'2022-01-17','0000031','CONTADO',NULL,80,NULL,NULL),(40,24,25,30000,'2022-01-17','0000032','CONTADO',NULL,80,NULL,NULL),(41,24,25,150000,'2022-01-17','0000033','CONTADO',NULL,80,NULL,NULL),(42,24,25,30000,'2022-01-17','0000034','CONTADO',NULL,80,NULL,NULL),(43,24,25,30000,'2022-01-17','0000034','CONTADO',NULL,80,NULL,NULL),(44,24,28,65000,'2022-01-23','0000036','CONTADO','FINALIZADO',80,NULL,NULL),(45,24,28,50000,'2022-01-23','0000037','CREDITO','FINALIZADO',80,NULL,NULL),(46,24,25,50000,'2022-01-23','0000038','CREDITO','PENDIENTE',80,NULL,NULL),(47,24,25,6,'2022-01-23','0000039','CREDITO','PENDIENTE',80,NULL,NULL),(48,24,25,255000,'2022-01-23','0000039','CREDITO','PENDIENTE',80,NULL,NULL),(49,24,25,60000,'2022-01-23','0000041','CONTADO','FINALIZADO',80,NULL,NULL),(50,24,28,95000,'2022-01-23','0000042','CONTADO','FINALIZADO',80,NULL,NULL),(51,24,28,1650000,'2022-01-23','0000043','CONTADO','FINALIZADO',80,NULL,NULL),(52,24,25,5000,'2022-01-24','0000044','CONTADO','FINALIZADO',80,NULL,NULL),(53,24,28,10000,'2022-01-24','0000045','CONTADO','FINALIZADO',80,NULL,NULL),(54,24,25,30000,'2022-01-24','0000046','CONTADO','FINALIZADO',80,NULL,NULL),(55,24,25,30000,'2022-01-24','0000047','CONTADO','FINALIZADO',80,NULL,NULL),(57,24,28,30000,'2022-01-24','0000048','CONTADO','FINALIZADO',80,NULL,NULL),(58,24,28,5000,'2022-01-24','0000049','CONTADO','FINALIZADO',80,NULL,NULL),(59,24,28,1,'2022-01-24','0000050','CONTADO','FINALIZADO',80,NULL,NULL),(60,24,28,600001,'2022-01-24','0000051','CONTADO','FINALIZADO',80,NULL,NULL),(61,24,28,325000,'2022-01-24','0000052','CONTADO','FINALIZADO',80,NULL,NULL),(62,24,28,180000,'2022-01-25','0000053','CONTADO','FINALIZADO',80,NULL,NULL),(63,24,25,75000,'2022-01-25','0000054','CONTADO','FINALIZADO',80,NULL,NULL),(64,24,25,35000,'2022-01-25','0000055','CONTADO','FINALIZADO',80,NULL,NULL),(65,24,25,255000,'2022-01-25','0000056','CONTADO','FINALIZADO',80,NULL,NULL),(66,24,25,620000,'2022-01-25','0000057','CONTADO','FINALIZADO',80,NULL,NULL),(67,24,25,95000,'2022-01-25','0000058','CONTADO','FINALIZADO',80,NULL,NULL),(68,24,28,30000,'2022-01-25','0000059','CONTADO','FINALIZADO',80,NULL,NULL),(69,24,28,30000,'2022-01-25','0000060','CONTADO','FINALIZADO',80,0,NULL),(70,24,28,40000,'2022-01-25','0000061','CONTADO','FINALIZADO',80,20000,NULL),(71,24,28,40000,'2022-01-25','0000062','CONTADO','FINALIZADO',80,20000,NULL),(72,24,28,30000,'2022-01-25','0000063','CONTADO','FINALIZADO',80,0,NULL),(73,24,28,30000,'2022-01-25','0000064','CREDITO','PENDIENTE',80,0,NULL),(74,24,28,30000,'2022-01-31','0000065','CONTADO','FINALIZADO',80,0,0),(75,24,28,30000,'2022-01-31','0000066','CONTADO','FINALIZADO',80,0,0),(76,24,28,30000,'2022-01-31','0000067','CONTADO','FINALIZADO',80,0,0),(77,24,28,75000,'2022-01-31','0000068','CONTADO','PRESUPUESTO',80,15000,0),(78,24,28,80000,'2022-01-31','0000069','CONTADO','PRESUPUESTO',80,0,0),(79,24,25,60000,'2022-01-31','0000070','CONTADO','PRESUPUESTO',80,0,0),(80,24,28,110000,'2022-01-31','0000071','CONTADO','PRESUPUESTO',80,0,0),(81,24,28,60000,'2022-01-31','0000072','CREDITO','FINALIZADO',92,0,0),(82,24,28,50000,'2022-01-31','0000073','CREDITO','FINALIZADO',92,0,0),(83,24,28,30000,'2022-01-31','0000074','CONTADO','FINALIZADO',80,0,0),(84,24,28,30000,'2022-01-31','0000075','CREDITO','FINALIZADO',92,0,0),(85,24,28,30000,'2022-01-31','0000076','CONTADO','PRESUPUESTO',80,0,0),(86,24,25,30000,'2022-01-31','0000077','CONTADO','FINALIZADO',80,0,0),(87,24,28,30000,'2022-01-31','0000078','CREDITO','FINALIZADO',92,0,0),(88,26,28,20000,'2022-01-31','0000079','CONTADO','FINALIZADO',77,0,0),(89,26,28,0,'2022-01-31','0000080','CREDITO','PENDIENTE',77,5000,10000),(90,24,28,35000,'2022-02-01','0000081','CONTADO','FINALIZADO',81,0,0),(91,24,25,5000,'2022-02-01','0000082','CONTADO','PRESUPUESTO',81,0,0),(92,24,28,30000,'2022-02-01','0000083','CONTADO','FINALIZADO',81,0,0),(93,24,25,10000,'2022-02-01','0000084','CONTADO','FINALIZADO',81,0,0),(94,24,25,10000,'2022-02-01','0000085','CONTADO','FINALIZADO',81,0,0),(95,24,28,10000,'2022-02-01','0000086','CONTADO','FINALIZADO',81,0,0),(96,24,28,30000,'2022-02-01','0000087','CONTADO','FINALIZADO',81,0,0),(97,24,28,5000,'2022-02-01','0000088','CONTADO','FINALIZADO',81,0,0),(98,24,28,5000,'2022-02-01','0000089','CONTADO','FINALIZADO',81,0,0),(99,24,28,5000,'2022-02-01','0000090','CONTADO','FINALIZADO',81,0,0),(100,24,28,5000,'2022-02-01','0000091','CONTADO','FINALIZADO',81,0,0),(101,24,28,30000,'2022-02-01','0000092','CONTADO','FINALIZADO',81,0,0),(102,24,28,31000,'2022-02-01','0000093','CONTADO','FINALIZADO',81,0,0),(103,24,25,30000,'2022-02-01','0000094','CONTADO','FINALIZADO',81,0,0),(104,24,28,30000,'2022-02-01','0000095','CONTADO','FINALIZADO',81,0,0),(105,24,28,30000,'2022-02-01','0000096','CONTADO','FINALIZADO',81,0,0),(106,24,25,5000,'2022-02-01','0000097','CONTADO','FINALIZADO',81,0,0),(107,24,25,5000,'2022-02-01','0000098','CONTADO','FINALIZADO',81,0,0),(108,24,28,30000,'2022-02-01','0000099','CONTADO','FINALIZADO',81,0,0),(109,24,28,30000,'2022-02-01','0000100','CONTADO','FINALIZADO',81,0,0),(110,24,28,30000,'2022-02-01','0000101','CONTADO','FINALIZADO',81,0,0),(111,24,28,30000,'2022-02-01','0000102','CONTADO','FINALIZADO',81,0,0),(112,24,28,30000,'2022-02-01','0000103','CONTADO','FINALIZADO',81,0,0),(113,24,28,30000,'2022-02-01','0000104','CONTADO','FINALIZADO',81,0,0),(114,24,25,30000,'2022-02-01','0000105','CONTADO','FINALIZADO',81,0,0),(115,24,28,30000,'2022-02-01','0000106','CONTADO','FINALIZADO',81,0,0),(116,24,28,30000,'2022-02-01','0000107','CONTADO','FINALIZADO',81,0,0),(117,24,28,30000,'2022-02-01','0000108','CONTADO','FINALIZADO',81,0,0),(118,24,25,30000,'2022-02-01','0000109','CONTADO','FINALIZADO',81,0,0),(119,24,28,30000,'2022-02-01','0000110','CONTADO','PRESUPUESTO',81,0,0),(120,24,28,30000,'2022-02-01','0000111','CONTADO','PRESUPUESTO',81,0,0),(121,24,28,300000,'2022-02-01','0000112','CONTADO','FINALIZADO',81,0,0),(122,24,28,260000,'2022-02-01','0000113','CONTADO','FINALIZADO',81,0,0),(123,24,28,15000,'2022-02-02','0000114','CONTADO','FINALIZADO',81,0,0),(124,24,28,15000,'2022-02-02','0000115','CONTADO','FINALIZADO',81,0,0),(125,24,28,30000,'2022-02-02','0000116','CONTADO','FINALIZADO',81,0,0),(126,24,25,30000,'2022-02-02','0000117','CONTADO','FINALIZADO',81,0,0),(127,24,25,30000,'2022-02-02','0000118','CONTADO','FINALIZADO',81,0,0),(128,24,25,75000,'2022-02-02','0000119','CONTADO','FINALIZADO',81,0,0),(129,24,28,40000,'2022-02-02','0000120','CONTADO','FINALIZADO',82,0,0),(130,24,28,5000,'2022-02-02','0000121','CREDITO','FINALIZADO',90,0,0),(131,24,25,30000,'2022-02-02','0000122','CONTADO','FINALIZADO',82,0,0),(132,24,28,5000,'2022-02-02','0000123','CONTADO','FINALIZADO',83,0,0),(133,24,28,0,'2022-02-02','0000124','CREDITO','PENDIENTE',83,0,30000),(134,24,25,30000,'2022-02-02','0000125','CONTADO','FINALIZADO',84,0,0),(135,24,25,180000,'2022-02-02','0000126','CONTADO','FINALIZADO',85,0,0),(136,24,25,30000,'2022-02-02','0000127','CONTADO','FINALIZADO',86,0,0),(137,24,25,30000,'2022-03-25','0000128','CONTADO','PRESUPUESTO',87,0,0),(138,24,25,30000,'2022-03-25','0000128','CONTADO','FINALIZADO',87,0,0),(139,24,25,30000,'2022-03-25','0000130','CONTADO','FINALIZADO',87,0,0),(140,24,25,30000,'2022-03-25','0000131','CONTADO','FINALIZADO',87,0,0),(141,24,25,30000,'2022-03-25','0000132','CONTADO','FINALIZADO',87,0,0),(142,24,28,30000,'2022-03-25','0000133','CONTADO','FINALIZADO',87,0,0),(143,24,25,30000,'2022-03-25','0000134','CONTADO','FINALIZADO',87,0,0),(144,24,25,35000,'2022-03-25','0000135','CONTADO','FINALIZADO',87,0,0),(145,24,28,30000,'2022-03-25','0000136','CONTADO','FINALIZADO',87,0,0),(146,24,25,90000,'2022-03-25','0000137','CONTADO','FINALIZADO',87,0,0),(147,24,25,750000,'2022-03-28','0000138','CONTADO','FINALIZADO',87,0,0),(148,24,25,100000,'2022-03-28','0000139','CONTADO','FINALIZADO',88,0,0),(149,24,25,45000,'2022-03-28','0000140','CREDITO','PENDIENTE',93,0,5000),(150,24,25,30000,'2022-03-28','0000141','CONTADO','FINALIZADO',89,0,0),(151,24,25,45000,'2022-03-29','0000142','CREDITO','PENDIENTE',93,0,5000),(152,24,25,70000,'2022-03-29','0000143','CONTADO','FINALIZADO',90,0,0),(153,24,25,0,'2022-04-19','0000144','CREDITO','PENDIENTE',92,0,30000),(154,24,28,50000,'2022-04-19','0000145','CREDITO','FINALIZADO',92,0,0),(155,24,28,0,'2022-04-19','0000146','CREDITO','PENDIENTE',92,0,5000),(156,24,28,5000,'2022-04-19','0000146','CREDITO','FINALIZADO',92,0,0),(157,24,28,10000,'2022-04-19','0000148','CONTADO','FINALIZADO',92,0,0),(158,24,25,0,'2022-04-19','0000149','CREDITO','PENDIENTE',92,0,30000),(159,24,25,35000,'2022-04-19','0000150','CONTADO','FINALIZADO',92,0,0),(160,24,25,0,'2022-04-20','0000151','CREDITO','PENDIENTE',92,0,30000),(161,24,25,30000,'2022-04-20','0000152','CONTADO','FINALIZADO',92,0,0),(162,24,25,0,'2022-04-20','0000153','CREDITO','PENDIENTE',92,0,30000),(163,24,28,135000,'2022-04-20','0000154','CONTADO','FINALIZADO',92,0,0),(164,24,28,30000,'2022-04-26','0000155','CONTADO','FINALIZADO',93,0,0),(165,24,25,30000,'2022-04-26','0000156','CONTADO','FINALIZADO',93,0,0),(166,24,25,150000,'2022-04-26','0000157','CONTADO','FINALIZADO',93,0,0),(167,24,25,0,'2022-04-26','0000158','CREDITO','PENDIENTE',93,0,5000),(168,24,25,30000,'2022-04-26','0000159','CREDITO','PENDIENTE',93,0,5000),(169,24,25,30000,'2022-05-06','0000160','CONTADO','PRESUPUESTO',97,0,0),(170,24,25,30000,'2022-05-06','0000161','CONTADO','FINALIZADO',97,0,0),(171,24,25,30000,'2022-05-06','0000162','CONTADO','FINALIZADO',97,0,0),(172,24,25,30000,'2022-05-06','0000163','CONTADO','FINALIZADO',97,0,0),(173,24,25,0,'2022-05-06','0000164','CREDITO','PENDIENTE',97,0,30000),(174,24,28,0,'2022-05-09','0000165','CREDITO','PENDIENTE',97,0,60000),(175,24,25,90000,'2022-05-09','0000166','CONTADO','FINALIZADO',97,0,0),(176,24,25,0,'2022-05-09','0000167','CREDITO','PENDIENTE',97,0,90000),(177,24,28,0,'2022-05-09','0000168','CREDITO','PENDIENTE',97,0,30000),(178,24,25,0,'2022-05-09','0000169','CREDITO','PENDIENTE',97,0,30000),(179,24,25,0,'2022-05-09','0000170','CREDITO','PENDIENTE',97,0,30000),(180,24,28,0,'2022-07-08','0000171','CREDITO','PENDIENTE',97,0,30000),(181,24,28,190000,'2022-07-11','0000172','CREDITO','PRESUPUESTO',97,0,0),(182,24,28,0,'2022-07-11','0000172','CREDITO','PENDIENTE',97,0,190000),(183,24,28,50000,'2022-07-11','0000174','CONTADO','FINALIZADO',97,0,0),(184,24,28,45000,'2022-07-11','0000175','CONTADO','FINALIZADO',97,0,0),(185,24,25,30000,'2022-07-12','0000176','CONTADO','FINALIZADO',97,0,0),(186,24,25,30000,'2022-07-12','0000177','CONTADO','FINALIZADO',97,0,0),(187,24,25,30000,'2022-07-18','0000178','CONTADO','PRESUPUESTO',97,0,0),(188,24,25,30000,'2022-07-18','0000178','CONTADO','FINALIZADO',97,0,0),(189,24,25,65000,'2022-07-18','0000180','CONTADO','FINALIZADO',97,0,0),(190,24,25,210000,'2022-07-18','0000181','CONTADO','FINALIZADO',97,0,0);
/*!40000 ALTER TABLE `venta` ENABLE KEYS */;
UNLOCK TABLES;
/*!40103 SET TIME_ZONE=@OLD_TIME_ZONE */;

/*!40101 SET SQL_MODE=@OLD_SQL_MODE */;
/*!40014 SET FOREIGN_KEY_CHECKS=@OLD_FOREIGN_KEY_CHECKS */;
/*!40014 SET UNIQUE_CHECKS=@OLD_UNIQUE_CHECKS */;
/*!40101 SET CHARACTER_SET_CLIENT=@OLD_CHARACTER_SET_CLIENT */;
/*!40101 SET CHARACTER_SET_RESULTS=@OLD_CHARACTER_SET_RESULTS */;
/*!40101 SET COLLATION_CONNECTION=@OLD_COLLATION_CONNECTION */;
/*!40111 SET SQL_NOTES=@OLD_SQL_NOTES */;

-- Dump completed on 2022-07-19 15:08:30
